<?xml version="1.0" encoding="utf-8"?>
<class>
	<student rollno="1">
		<name>Sanat</name>
		<address>Chennai</address>
		<mobile>1234567890</mobile>
		<email>san@gmail.com</email>
	</student>
	<student rollno="2">
		<name>Sudham</name>
		<address>Chennai</address>
		<mobile>2345678901</mobile>
		<email>sudham@gmail.com</email>
	</student>
	<student rollno="3">
		<name>Ravi</name>
		<address>Chennai</address>
		<mobile>3456789012</mobile>
		<email>rav@gmail.com</email>
	</student>
	<student rollno="4">
		<name>Dev</name>
		<address>Chennai</address>
		<mobile>4567890123</mobile>
		<email>dev@gmail.com</email>
	</student>
	<student rollno="5">
		<name>Suman</name>
		<address>Chennai</address>
		<mobile>5678901234</mobile>
		<email>suman@gmail.com</email>
	</student>
</class>
